{
  "metrics": {
    "gps_antenna": {
      "mean_ttd_ms": 19.99769601394303,
      "std_ttd_ms": 2.8338545353716014,
      "p95_ttd_ms": 24.373814795992118,
      "p99_ttd_ms": 24.796631718682576,
      "missed_detection_count": 0,
      "detection_rate_percent": 100.0
    },
    "solar_panel": {
      "mean_ttd_ms": 19.683155144559688,
      "std_ttd_ms": 2.87031174947211,
      "p95_ttd_ms": 24.47385740109371,
      "p99_ttd_ms": 24.751629197413127,
      "missed_detection_count": 0,
      "detection_rate_percent": 100.0
    },
    "battery_failure": {
      "mean_ttd_ms": 20.392187912913972,
      "std_ttd_ms": 2.8156332068817336,
      "p95_ttd_ms": 24.30057634430675,
      "p99_ttd_ms": 24.723888468999295,
      "missed_detection_count": 0,
      "detection_rate_percent": 100.0
    }
  },
  "raw_data": {
    "gps_antenna": [
      18.948442733557158,
      21.409751899787885,
      22.62024355507867,
      24.18914411239031,
      16.590672493620154,
      23.08729394363744,
      16.791004794395185,
      24.796131827998813,
      20.950423825262106,
      19.58300148765118,
      17.44925127449922,
      16.975112754782998,
      21.464735120322494,
      24.53454135133631,
      16.890583153932972,
      21.589819498449803,
      23.631085165464423,
      24.401678955025677,
      23.23297316368769,
      18.87997827888466,
      21.790313942480328,
      19.6820254552744,
      15.411131017679551,
      19.384339221491597,
      15.321516447276583,
      22.32105890046557,
      22.72798774774789,
      16.175963029101187,
      17.017997188563463,
      19.638142459067005,
      16.7675567636667,
      23.4897394134578,
      21.52797574151957,
      17.350306328351177,
      18.10343964999406,
      16.168526990211333,
      22.38104344721498,
      15.673235151662226,
      22.017786516275542,
      20.88708026040605,
      20.13055489529843,
      24.68065699626991,
      23.617441766771993,
      18.481793643938,
      17.656093625405358,
      20.447975886649285,
      18.037892471213134,
      15.688758436753055,
      20.51688661444983,
      22.156884643390313,
      17.755240530963967,
      22.09679171028286,
      22.510190682645185,
      15.036684263296575,
      18.846007948292623,
      22.03722409420994,
      21.1723931859407,
      19.201034630269763,
      22.085886913310752,
      19.442072177828756,
      18.95357914306292,
      16.876720885758694,
      15.918710018479125,
      24.846120896375048,
      16.49460264174717,
      23.675685231746094,
      21.528691822679495,
      15.962177862705751,
      23.095849788119153,
      22.59886525896816,
      18.47113714506776,
      22.88684961584622,
      21.22799496753785,
      22.518845916193047,
      15.663346291057275,
      18.68326595940532,
      23.417523440334406,
      15.406585692277966,
      20.32757119956422,
      19.855717101778964,
      21.704223642139013,
      22.798542360696292,
      24.37234826130614,
      23.799257608027048,
      21.92288365819648,
      16.784520488862917,
      18.43626640708344,
      15.868997710158629,
      19.99038714190985,
      17.69250614664148,
      18.738699520092162,
      22.980520873731546,
      16.814579472870655,
      23.779592608799692,
      16.982667755852958,
      18.16415175510944,
      21.55958423542602,
      17.977601870669446,
      15.953623881403441,
      21.587304937769176
    ],
    "solar_panel": [
      15.335715306312137,
      17.818354249812646,
      15.506901358669129,
      21.359898225259613,
      17.634472449857547,
      24.611246152725048,
      15.230347988054048,
      19.161209534479603,
      19.311296948528813,
      23.05407142794971,
      20.9142869546164,
      19.715777927973942,
      16.64919514882574,
      16.960670451388182,
      20.18350348889939,
      18.102884222012747,
      24.153114673454745,
      20.374801940589442,
      24.435460576417775,
      18.27135461622836,
      17.874871794720896,
      17.28537661748855,
      15.905941735194478,
      24.288540851908696,
      20.505370029747958,
      20.35372798817052,
      16.741795665230903,
      24.971544187965698,
      22.63696095561115,
      15.46858826466343,
      20.89314663520562,
      24.467900068223045,
      20.873219168987482,
      22.0066420668702,
      20.59280646743727,
      24.74940783387219,
      24.01271356611729,
      19.968797720920612,
      17.83381965770049,
      16.75608690054558,
      23.696735891237665,
      21.78329743289037,
      17.68505672328542,
      23.845876389955986,
      22.871892209719377,
      22.985783777288567,
      22.109923321965226,
      24.687022079347646,
      17.492692988701585,
      20.072875870663246,
      21.497651522087974,
      15.064583735550768,
      16.845578198195575,
      16.906962373523562,
      23.202607019199398,
      19.79560466601255,
      15.759334511246955,
      19.324854112658883,
      21.76653415921997,
      23.67590260056099,
      18.600091320996164,
      22.444009567680894,
      21.88214762528624,
      19.52832926871916,
      15.504358447925615,
      17.520767666126478,
      16.11269159210313,
      17.70540492639297,
      21.718288420174144,
      15.245044770245551,
      23.062769099704003,
      19.102356492004564,
      21.965415417924916,
      15.524613650085865,
      18.044857508668745,
      18.70988666600282,
      20.668746833377455,
      18.556196194103713,
      20.422540608422537,
      20.571126192751187,
      21.131843122325236,
      16.486774462249986,
      17.337394354095522,
      24.264769518592722,
      18.51457120936545,
      15.260650962799883,
      15.960940670286105,
      20.541936125156777,
      24.58704672563637,
      18.634962050273494,
      17.335332031340137,
      16.012227003377742,
      16.46845274303341,
      16.737727096849138,
      21.970910754074712,
      17.850455016846418,
      19.586325600101944,
      17.464762037674497,
      20.351845499174267,
      20.88435380207001
    ],